{"initial_reset_timestamp": 28685.419922306, "timestamps": [28690.179581924], "episode_lengths": [9], "episode_rewards": [6.70950947008649], "episode_types": ["t"]}